<?xml version="1.0"?>
<!DOCTYPE refsect1 PUBLIC "-//OASIS//DTD DocBook XML V4.5//EN" "http://www.oasis-open.org/docbook/xml/4.5/docbookx.dtd">

<!--
  SPDX-License-Identifier: LGPL-2.1-or-later
-->

<refsect1>
  <title/>

  <para id="singular">This option is only available for system services, or for services running in per-user
  instances of the service manager in which case <varname>PrivateUsers=</varname> is implicitly enabled
  (requires unprivileged user namespaces support to be enabled in the kernel via the
  <literal>kernel.unprivileged_userns_clone=</literal> sysctl).</para>

  <para id="plural">These options are only available for system services, or for services running in per-user
  instances of the service manager in which case <varname>PrivateUsers=</varname> is implicitly enabled
  (requires unprivileged user namespaces support to be enabled in the kernel via the
  <literal>kernel.unprivileged_userns_clone=</literal> sysctl).</para>

</refsect1>
