<?xml version="1.0"?>
<!--*-nxml-*-->
<!DOCTYPE refentry PUBLIC "-//OASIS//DTD DocBook XML V4.5//EN"
  "http://www.oasis-open.org/docbook/xml/4.5/docbookx.dtd">
<!-- SPDX-License-Identifier: LGPL-2.1-or-later -->
<refentry id="systemd-bless-boot-generator" conditional='ENABLE_BOOTLOADER'>

  <refentryinfo>
    <title>systemd-bless-boot-generator</title>
    <productname>systemd</productname>
  </refentryinfo>

  <refmeta>
    <refentrytitle>systemd-bless-boot-generator</refentrytitle>
    <manvolnum>8</manvolnum>
  </refmeta>

  <refnamediv>
    <refname>systemd-bless-boot-generator</refname>
    <refpurpose>Pull <filename>systemd-bless-boot.service</filename> into the initial boot transaction when boot counting is in effect</refpurpose>
  </refnamediv>

  <refsynopsisdiv>
    <para><filename>/usr/lib/systemd/system-generators/systemd-bless-boot-generator</filename></para>
  </refsynopsisdiv>

  <refsect1>
    <title>Description</title>

    <para><filename>systemd-bless-boot-generator</filename> is a generator that pulls
    <filename>systemd-bless-boot.service</filename> into the initial boot transaction when boot counting, as
    implemented by <citerefentry><refentrytitle>systemd-boot</refentrytitle><manvolnum>7</manvolnum></citerefentry>, is
    enabled.</para>

    <para><filename>systemd-bless-boot-generator</filename> implements
    <citerefentry><refentrytitle>systemd.generator</refentrytitle><manvolnum>7</manvolnum></citerefentry>.</para>
  </refsect1>

  <refsect1>
    <title>See Also</title>
    <para><simplelist type="inline">
      <member><citerefentry><refentrytitle>systemd</refentrytitle><manvolnum>1</manvolnum></citerefentry></member>
      <member><citerefentry><refentrytitle>systemd-bless-boot.service</refentrytitle><manvolnum>8</manvolnum></citerefentry></member>
      <member><citerefentry><refentrytitle>systemd-boot</refentrytitle><manvolnum>7</manvolnum></citerefentry></member>
    </simplelist></para>
  </refsect1>

</refentry>
