<?xml version="1.0"?>
<!--*-nxml-*-->
<!DOCTYPE refentry PUBLIC "-//OASIS//DTD DocBook XML V4.5//EN"
  "http://www.oasis-open.org/docbook/xml/4.5/docbookx.dtd">
<!-- SPDX-License-Identifier: LGPL-2.1-or-later -->
<refentry id="systemd-binfmt.service" conditional='ENABLE_BINFMT'
    xmlns:xi="http://www.w3.org/2001/XInclude">

  <refentryinfo>
    <title>systemd-binfmt.service</title>
    <productname>systemd</productname>
  </refentryinfo>

  <refmeta>
    <refentrytitle>systemd-binfmt.service</refentrytitle>
    <manvolnum>8</manvolnum>
  </refmeta>

  <refnamediv>
    <refname>systemd-binfmt.service</refname>
    <refname>systemd-binfmt</refname>
    <refpurpose>Configure additional binary formats for executables at boot</refpurpose>
  </refnamediv>

  <refsynopsisdiv>
    <para><filename>systemd-binfmt.service</filename></para>
    <para><filename>/usr/lib/systemd/systemd-binfmt</filename></para>
  </refsynopsisdiv>

  <refsect1>
    <title>Description</title>

    <para><filename>systemd-binfmt.service</filename> is an early boot
    service that registers additional binary formats for executables
    in the kernel.</para>

    <para>See
    <citerefentry><refentrytitle>binfmt.d</refentrytitle><manvolnum>5</manvolnum></citerefentry>
    for information about the configuration of this service.</para>
  </refsect1>

  <refsect1><title>Options</title>
    <variablelist>

      <varlistentry>
        <term><option>--unregister</option></term>
        <listitem><para>If passed, instead of registering configured binary formats in the kernel, the
        reverse operation is executed: all currently registered binary formats are unregistered from the
        kernel.</para>

        <xi:include href="version-info.xml" xpointer="v246"/></listitem>
      </varlistentry>

      <xi:include href="standard-options.xml" xpointer="cat-config" />
      <xi:include href="standard-options.xml" xpointer="tldr" />
      <xi:include href="standard-options.xml" xpointer="no-pager" />
      <xi:include href="standard-options.xml" xpointer="help" />
      <xi:include href="standard-options.xml" xpointer="version" />
    </variablelist>
  </refsect1>

  <refsect1>
    <title>See Also</title>
    <para><simplelist type="inline">
      <member><citerefentry><refentrytitle>systemd</refentrytitle><manvolnum>1</manvolnum></citerefentry></member>
      <member><citerefentry><refentrytitle>binfmt.d</refentrytitle><manvolnum>5</manvolnum></citerefentry></member>
      <member><citerefentry project='die-net'><refentrytitle>wine</refentrytitle><manvolnum>8</manvolnum></citerefentry></member>
    </simplelist></para>
  </refsect1>

</refentry>
